{
	"width" : 1280,
	"height" : 720,
	"intrinsic_matrix" :
	[
		820.42559386,
		0,
		0,
		0,
		820.42559386,
		0,
		617.37778473,
		359.77401733,
		1
	]
}
