{
    "batchName": "",
    "batchTime": 1661514667,
    "boardConf": "IR-C00M01-00",
    "boardCustom": "",
    "boardName": "DM9098",
    "boardOptions": 4,
    "boardRev": "R6M2E6",
    "cameraData": [
        [
            2,
            {
                "cameraType": 0,
                "distortionCoeff": [
                    -7.056822299957275,
                    54.57760238647461,
                    0.001735908561386168,
                    0.00025019279564730823,
                    -24.580093383789063,
                    -7.1168622970581055,
                    54.46717071533203,
                    -23.734722137451172,
                    0.0,
                    0.0,
                    0.0,
                    0.0,
                    0.0,
                    0.0
                ],
                "extrinsics": {
                    "rotationMatrix": [
                        [
                            0.9999057054519653,
                            -0.002789298538118601,
                            0.013448376208543777
                        ],
                        [
                            0.002738873939961195,
                            0.9999891519546509,
                            0.0037664533592760563
                        ],
                        [
                            -0.0134587362408638,
                            -0.0037292647175490856,
                            0.9999024868011475
                        ]
                    ],
                    "specTranslation": {
                        "x": 3.75,
                        "y": 0.0,
                        "z": 0.0
                    },
                    "toCameraSocket": 0,
                    "translation": {
                        "x": 3.6928493976593018,
                        "y": -0.024136891588568687,
                        "z": -0.27995139360427856
                    }
                },
                "height": 800,
                "intrinsicMatrix": [
                    [
                        801.1652221679688,
                        0.0,
                        653.4210815429688
                    ],
                    [
                        0.0,
                        801.1652221679688,
                        400.3067321777344
                    ],
                    [
                        0.0,
                        0.0,
                        1.0
                    ]
                ],
                "lensPosition": 0,
                "specHfovDeg": 71.86000061035156,
                "width": 1280
            }
        ],
        [
            1,
            {
                "cameraType": 0,
                "distortionCoeff": [
                    4.311811923980713,
                    10.515290260314941,
                    0.0005457720835693181,
                    0.0019910847768187523,
                    -25.130577087402344,
                    4.021228790283203,
                    11.57146167755127,
                    -26.03287124633789,
                    0.0,
                    0.0,
                    0.0,
                    0.0,
                    0.0,
                    0.0
                ],
                "extrinsics": {
                    "rotationMatrix": [
                        [
                            0.9997492432594299,
                            0.0017515977378934622,
                            -0.0223251860588789
                        ],
                        [
                            -0.0017402913654223084,
                            0.9999983310699463,
                            0.0005258559831418097
                        ],
                        [
                            0.022326068952679634,
                            -0.00048687178059481084,
                            0.9997506141662598
                        ]
                    ],
                    "specTranslation": {
                        "x": -7.5,
                        "y": 0.0,
                        "z": 0.0
                    },
                    "toCameraSocket": 2,
                    "translation": {
                        "x": -7.450376033782959,
                        "y": -0.0028486582450568676,
                        "z": -0.07498045265674591
                    }
                },
                "height": 800,
                "intrinsicMatrix": [
                    [
                        797.2224731445313,
                        0.0,
                        636.4020385742188
                    ],
                    [
                        0.0,
                        797.2224731445313,
                        396.681640625
                    ],
                    [
                        0.0,
                        0.0,
                        1.0
                    ]
                ],
                "lensPosition": 0,
                "specHfovDeg": 71.86000061035156,
                "width": 1280
            }
        ],
        [
            0,
            {
                "cameraType": 0,
                "distortionCoeff": [
                    9.402969360351563,
                    -97.66574096679688,
                    0.0008759967749938369,
                    0.0025684793945401907,
                    347.2061767578125,
                    9.232144355773926,
                    -96.5443344116211,
                    343.0054626464844,
                    0.0,
                    0.0,
                    0.0,
                    0.0,
                    0.0,
                    0.0
                ],
                "extrinsics": {
                    "rotationMatrix": [
                        [
                            0.0,
                            0.0,
                            0.0
                        ],
                        [
                            0.0,
                            0.0,
                            0.0
                        ],
                        [
                            0.0,
                            0.0,
                            0.0
                        ]
                    ],
                    "specTranslation": {
                        "x": -0.0,
                        "y": -0.0,
                        "z": -0.0
                    },
                    "toCameraSocket": -1,
                    "translation": {
                        "x": 0.0,
                        "y": 0.0,
                        "z": 0.0
                    }
                },
                "height": 2160,
                "intrinsicMatrix": [
                    [
                        3074.173828125,
                        0.0,
                        1937.105224609375
                    ],
                    [
                        0.0,
                        3074.173828125,
                        1106.1732177734375
                    ],
                    [
                        0.0,
                        0.0,
                        1.0
                    ]
                ],
                "lensPosition": 127,
                "specHfovDeg": 68.7938003540039,
                "width": 3840
            }
        ]
    ],
    "deviceName": "",
    "hardwareConf": "F0-FV00-BC001",
    "housingExtrinsics": {
        "rotationMatrix": [],
        "specTranslation": {
            "x": 0.0,
            "y": 0.0,
            "z": 0.0
        },
        "toCameraSocket": -1,
        "translation": {
            "x": 0.0,
            "y": 0.0,
            "z": 0.0
        }
    },
    "imuExtrinsics": {
        "rotationMatrix": [
            [
                0.0,
                0.0,
                0.0
            ],
            [
                0.0,
                0.0,
                0.0
            ],
            [
                0.0,
                0.0,
                0.0
            ]
        ],
        "specTranslation": {
            "x": 0.0,