{
	"width" : 1280,
	"height" : 720,
	"intrinsic_matrix" :
	[
		1024.72461,
		0,
		0,
		0,
		1024.72461,
		0,
		645.70174,
		368.724407,
		1
	]
}
